insert into nationality (id,nationality_code) values (1,'ad');
insert into nationality (id,nationality_code) values (2,'ae');
insert into nationality (id,nationality_code) values (3,'af');
insert into nationality (id,nationality_code) values (4,'ai');
insert into nationality (id,nationality_code) values (5,'al');
insert into nationality (id,nationality_code) values (6,'am');
insert into nationality (id,nationality_code) values (7,'ao');
insert into nationality (id,nationality_code) values (8,'aq');
insert into nationality (id,nationality_code) values (9,'ar');
insert into nationality (id,nationality_code) values (10,'as');
insert into nationality (id,nationality_code) values (11,'at');
insert into nationality (id,nationality_code) values (12,'au');
insert into nationality (id,nationality_code) values (13,'aw');
insert into nationality (id,nationality_code) values (14,'ba');
insert into nationality (id,nationality_code) values (15,'bb');
insert into nationality (id,nationality_code) values (16,'be');
insert into nationality (id,nationality_code) values (17,'bf');
insert into nationality (id,nationality_code) values (18,'bg');
insert into nationality (id,nationality_code) values (19,'bh');
insert into nationality (id,nationality_code) values (20,'bj');
insert into nationality (id,nationality_code) values (21,'bm');
insert into nationality (id,nationality_code) values (22,'bo');
insert into nationality (id,nationality_code) values (23,'br');
insert into nationality (id,nationality_code) values (24,'bs');
insert into nationality (id,nationality_code) values (25,'bt');
insert into nationality (id,nationality_code) values (26,'bw');
insert into nationality (id,nationality_code) values (27,'by');
insert into nationality (id,nationality_code) values (28,'bz');
insert into nationality (id,nationality_code) values (29,'ca');
insert into nationality (id,nationality_code) values (30,'cg');
insert into nationality (id,nationality_code) values (31,'ch');
insert into nationality (id,nationality_code) values (32,'ci');
insert into nationality (id,nationality_code) values (33,'cl');
insert into nationality (id,nationality_code) values (34,'cm');
insert into nationality (id,nationality_code) values (35,'cn');
insert into nationality (id,nationality_code) values (36,'co');
insert into nationality (id,nationality_code) values (37,'cr');
insert into nationality (id,nationality_code) values (38,'cu');
insert into nationality (id,nationality_code) values (39,'cy');
insert into nationality (id,nationality_code) values (40,'cz');
insert into nationality (id,nationality_code) values (41,'de');
insert into nationality (id,nationality_code) values (42,'dk');
insert into nationality (id,nationality_code) values (43,'dm');
insert into nationality (id,nationality_code) values (44,'dz');
insert into nationality (id,nationality_code) values (45,'ec');
insert into nationality (id,nationality_code) values (46,'ee');
insert into nationality (id,nationality_code) values (47,'eg');
insert into nationality (id,nationality_code) values (48,'el');
insert into nationality (id,nationality_code) values (49,'es');
insert into nationality (id,nationality_code) values (50,'et');
insert into nationality (id,nationality_code) values (51,'fi');
insert into nationality (id,nationality_code) values (52,'fj');
insert into nationality (id,nationality_code) values (53,'fr');
insert into nationality (id,nationality_code) values (54,'ga');
insert into nationality (id,nationality_code) values (55,'gb');
insert into nationality (id,nationality_code) values (56,'ge');
insert into nationality (id,nationality_code) values (57,'gh');
insert into nationality (id,nationality_code) values (58,'gn');
insert into nationality (id,nationality_code) values (59,'gy');
insert into nationality (id,nationality_code) values (60,'hk');
insert into nationality (id,nationality_code) values (61,'hr');
insert into nationality (id,nationality_code) values (62,'ht');
insert into nationality (id,nationality_code) values (63,'hu');
insert into nationality (id,nationality_code) values (64,'id');
insert into nationality (id,nationality_code) values (65,'ie');
insert into nationality (id,nationality_code) values (66,'il');
insert into nationality (id,nationality_code) values (67,'in');
insert into nationality (id,nationality_code) values (68,'iq');
insert into nationality (id,nationality_code) values (69,'ir');
insert into nationality (id,nationality_code) values (70,'is');
insert into nationality (id,nationality_code) values (71,'it');
insert into nationality (id,nationality_code) values (72,'jm');
insert into nationality (id,nationality_code) values (73,'jo');
insert into nationality (id,nationality_code) values (74,'jp');
insert into nationality (id,nationality_code) values (75,'ke');
insert into nationality (id,nationality_code) values (76,'kh');
insert into nationality (id,nationality_code) values (77,'kr');
insert into nationality (id,nationality_code) values (78,'kw');
insert into nationality (id,nationality_code) values (79,'kz');
insert into nationality (id,nationality_code) values (80,'lb');
insert into nationality (id,nationality_code) values (81,'lk');
insert into nationality (id,nationality_code) values (82,'lt');
insert into nationality (id,nationality_code) values (83,'lu');
insert into nationality (id,nationality_code) values (84,'lv');
insert into nationality (id,nationality_code) values (85,'ma');
insert into nationality (id,nationality_code) values (86,'mc');
insert into nationality (id,nationality_code) values (87,'me');
insert into nationality (id,nationality_code) values (88,'mg');
insert into nationality (id,nationality_code) values (89,'mk');
insert into nationality (id,nationality_code) values (90,'ml');
insert into nationality (id,nationality_code) values (91,'mm');
insert into nationality (id,nationality_code) values (92,'mn');
insert into nationality (id,nationality_code) values (93,'mo');
insert into nationality (id,nationality_code) values (94,'mt');
insert into nationality (id,nationality_code) values (95,'mu');
insert into nationality (id,nationality_code) values (96,'mv');
insert into nationality (id,nationality_code) values (97,'mx');
insert into nationality (id,nationality_code) values (98,'my');
insert into nationality (id,nationality_code) values (99,'na');
insert into nationality (id,nationality_code) values (100,'ng');
insert into nationality (id,nationality_code) values (101,'nl');
insert into nationality (id,nationality_code) values (102,'no');
insert into nationality (id,nationality_code) values (103,'np');
insert into nationality (id,nationality_code) values (104,'nz');
insert into nationality (id,nationality_code) values (105,'om');
insert into nationality (id,nationality_code) values (106,'pa');
insert into nationality (id,nationality_code) values (107,'pe');
insert into nationality (id,nationality_code) values (108,'ph');
insert into nationality (id,nationality_code) values (109,'pk');
insert into nationality (id,nationality_code) values (110,'pl');
insert into nationality (id,nationality_code) values (111,'ps');
insert into nationality (id,nationality_code) values (112,'pt');
insert into nationality (id,nationality_code) values (113,'py');
insert into nationality (id,nationality_code) values (114,'qa');
insert into nationality (id,nationality_code) values (115,'ro');
insert into nationality (id,nationality_code) values (116,'ru');
insert into nationality (id,nationality_code) values (117,'sa');
insert into nationality (id,nationality_code) values (118,'sc');
insert into nationality (id,nationality_code) values (119,'se');
insert into nationality (id,nationality_code) values (120,'sg');
insert into nationality (id,nationality_code) values (121,'si');
insert into nationality (id,nationality_code) values (122,'sk');
insert into nationality (id,nationality_code) values (123,'sn');
insert into nationality (id,nationality_code) values (124,'so');
insert into nationality (id,nationality_code) values (125,'th');
insert into nationality (id,nationality_code) values (126,'tj');
insert into nationality (id,nationality_code) values (127,'tn');
insert into nationality (id,nationality_code) values (128,'tr');
insert into nationality (id,nationality_code) values (129,'tw');
insert into nationality (id,nationality_code) values (130,'tz');
insert into nationality (id,nationality_code) values (131,'ua');
insert into nationality (id,nationality_code) values (132,'ug');
insert into nationality (id,nationality_code) values (133,'us');
insert into nationality (id,nationality_code) values (134,'uy');
insert into nationality (id,nationality_code) values (135,'uz');
insert into nationality (id,nationality_code) values (136,'ve');
insert into nationality (id,nationality_code) values (137,'vn');
insert into nationality (id,nationality_code) values (138,'ye');
insert into nationality (id,nationality_code) values (139,'za');
insert into nationality (id,nationality_code) values (140,'zm');
insert into nationality (id,nationality_code) values (141,'zw');



insert into country (id,country_code) values (1,'ad');
insert into country (id,country_code) values (2,'ae');
insert into country (id,country_code) values (3,'af');
insert into country (id,country_code) values (4,'ag');
insert into country (id,country_code) values (5,'ai');
insert into country (id,country_code) values (6,'al');
insert into country (id,country_code) values (7,'am');
insert into country (id,country_code) values (8,'ao');
insert into country (id,country_code) values (9,'aq');
insert into country (id,country_code) values (10,'ar');
insert into country (id,country_code) values (11,'as');
insert into country (id,country_code) values (12,'at');
insert into country (id,country_code) values (13,'au');
insert into country (id,country_code) values (14,'aw');
insert into country (id,country_code) values (15,'ax');
insert into country (id,country_code) values (16,'az');
insert into country (id,country_code) values (17,'ba');
insert into country (id,country_code) values (18,'bb');
insert into country (id,country_code) values (19,'bd');
insert into country (id,country_code) values (20,'be');
insert into country (id,country_code) values (21,'bf');
insert into country (id,country_code) values (22,'bg');
insert into country (id,country_code) values (23,'bh');
insert into country (id,country_code) values (24,'bi');
insert into country (id,country_code) values (25,'bj');
insert into country (id,country_code) values (26,'bl');
insert into country (id,country_code) values (27,'bm');
insert into country (id,country_code) values (28,'bn');
insert into country (id,country_code) values (29,'bo');
insert into country (id,country_code) values (30,'bq');
insert into country (id,country_code) values (31,'br');
insert into country (id,country_code) values (32,'bs');
insert into country (id,country_code) values (33,'bt');
insert into country (id,country_code) values (34,'bw');
insert into country (id,country_code) values (35,'by');
insert into country (id,country_code) values (36,'bz');
insert into country (id,country_code) values (37,'ca');
insert into country (id,country_code) values (38,'cc');
insert into country (id,country_code) values (39,'cd');
insert into country (id,country_code) values (40,'cf');
insert into country (id,country_code) values (41,'cg');
insert into country (id,country_code) values (42,'ch');
insert into country (id,country_code) values (43,'ci');
insert into country (id,country_code) values (44,'ck');
insert into country (id,country_code) values (45,'cl');
insert into country (id,country_code) values (46,'cm');
insert into country (id,country_code) values (47,'cn');
insert into country (id,country_code) values (48,'co');
insert into country (id,country_code) values (49,'cr');
insert into country (id,country_code) values (50,'cu');
insert into country (id,country_code) values (51,'cv');
insert into country (id,country_code) values (52,'cw');
insert into country (id,country_code) values (53,'cx');
insert into country (id,country_code) values (54,'cy');
insert into country (id,country_code) values (55,'cz');
insert into country (id,country_code) values (56,'de');
insert into country (id,country_code) values (57,'dj');
insert into country (id,country_code) values (58,'dk');
insert into country (id,country_code) values (59,'dm');
insert into country (id,country_code) values (60,'do');
insert into country (id,country_code) values (61,'dz');
insert into country (id,country_code) values (62,'ec');
insert into country (id,country_code) values (63,'ee');
insert into country (id,country_code) values (64,'eg');
insert into country (id,country_code) values (65,'eh');
insert into country (id,country_code) values (66,'el');
insert into country (id,country_code) values (67,'er');
insert into country (id,country_code) values (68,'es');
insert into country (id,country_code) values (69,'et');
insert into country (id,country_code) values (70,'fi');
insert into country (id,country_code) values (71,'fj');
insert into country (id,country_code) values (72,'fk');
insert into country (id,country_code) values (73,'fm');
insert into country (id,country_code) values (74,'fo');
insert into country (id,country_code) values (75,'fr');
insert into country (id,country_code) values (76,'ga');
insert into country (id,country_code) values (77,'gb');
insert into country (id,country_code) values (78,'gd');
insert into country (id,country_code) values (79,'ge');
insert into country (id,country_code) values (80,'gf');
insert into country (id,country_code) values (81,'gg');
insert into country (id,country_code) values (82,'gh');
insert into country (id,country_code) values (83,'gi');
insert into country (id,country_code) values (84,'gl');
insert into country (id,country_code) values (85,'gm');
insert into country (id,country_code) values (86,'gn');
insert into country (id,country_code) values (87,'gp');
insert into country (id,country_code) values (88,'gq');
insert into country (id,country_code) values (89,'gs');
insert into country (id,country_code) values (90,'gt');
insert into country (id,country_code) values (91,'gu');
insert into country (id,country_code) values (92,'gw');
insert into country (id,country_code) values (93,'gy');
insert into country (id,country_code) values (94,'hk');
insert into country (id,country_code) values (95,'hn');
insert into country (id,country_code) values (96,'hr');
insert into country (id,country_code) values (97,'ht');
insert into country (id,country_code) values (98,'hu');
insert into country (id,country_code) values (99,'ic');
insert into country (id,country_code) values (100,'id');
insert into country (id,country_code) values (101,'ie');
insert into country (id,country_code) values (102,'il');
insert into country (id,country_code) values (103,'im');
insert into country (id,country_code) values (104,'in');
insert into country (id,country_code) values (105,'io');
insert into country (id,country_code) values (106,'iq');
insert into country (id,country_code) values (107,'ir');
insert into country (id,country_code) values (108,'is');
insert into country (id,country_code) values (109,'it');
insert into country (id,country_code) values (110,'je');
insert into country (id,country_code) values (111,'jm');
insert into country (id,country_code) values (112,'jo');
insert into country (id,country_code) values (113,'jp');
insert into country (id,country_code) values (114,'ke');
insert into country (id,country_code) values (115,'kg');
insert into country (id,country_code) values (116,'kh');
insert into country (id,country_code) values (117,'ki');
insert into country (id,country_code) values (118,'km');
insert into country (id,country_code) values (119,'kn');
insert into country (id,country_code) values (120,'kp');
insert into country (id,country_code) values (121,'kr');
insert into country (id,country_code) values (122,'kw');
insert into country (id,country_code) values (123,'ky');
insert into country (id,country_code) values (124,'kz');
insert into country (id,country_code) values (125,'la');
insert into country (id,country_code) values (126,'lb');
insert into country (id,country_code) values (127,'lc');
insert into country (id,country_code) values (128,'li');
insert into country (id,country_code) values (129,'lk');
insert into country (id,country_code) values (130,'lr');
insert into country (id,country_code) values (131,'ls');
insert into country (id,country_code) values (132,'lt');
insert into country (id,country_code) values (133,'lu');
insert into country (id,country_code) values (134,'lv');
insert into country (id,country_code) values (135,'ly');
insert into country (id,country_code) values (136,'ma');
insert into country (id,country_code) values (137,'mc');
insert into country (id,country_code) values (138,'md');
insert into country (id,country_code) values (139,'me');
insert into country (id,country_code) values (140,'mf');
insert into country (id,country_code) values (141,'mg');
insert into country (id,country_code) values (142,'mh');
insert into country (id,country_code) values (143,'mk');
insert into country (id,country_code) values (144,'ml');
insert into country (id,country_code) values (145,'mm');
insert into country (id,country_code) values (146,'mn');
insert into country (id,country_code) values (147,'mo');
insert into country (id,country_code) values (148,'mp');
insert into country (id,country_code) values (149,'mq');
insert into country (id,country_code) values (150,'mr');
insert into country (id,country_code) values (151,'ms');
insert into country (id,country_code) values (152,'mt');
insert into country (id,country_code) values (153,'mu');
insert into country (id,country_code) values (154,'mv');
insert into country (id,country_code) values (155,'mw');
insert into country (id,country_code) values (156,'mx');
insert into country (id,country_code) values (157,'my');
insert into country (id,country_code) values (158,'mz');
insert into country (id,country_code) values (159,'na');
insert into country (id,country_code) values (160,'nc');
insert into country (id,country_code) values (161,'ne');
insert into country (id,country_code) values (162,'nf');
insert into country (id,country_code) values (163,'ng');
insert into country (id,country_code) values (164,'ni');
insert into country (id,country_code) values (165,'nl');
insert into country (id,country_code) values (166,'no');
insert into country (id,country_code) values (167,'np');
insert into country (id,country_code) values (168,'nr');
insert into country (id,country_code) values (169,'nu');
insert into country (id,country_code) values (170,'nz');
insert into country (id,country_code) values (171,'om');
insert into country (id,country_code) values (172,'pa');
insert into country (id,country_code) values (173,'pe');
insert into country (id,country_code) values (174,'pf');
insert into country (id,country_code) values (175,'pg');
insert into country (id,country_code) values (176,'ph');
insert into country (id,country_code) values (177,'pk');
insert into country (id,country_code) values (178,'pl');
insert into country (id,country_code) values (179,'pm');
insert into country (id,country_code) values (180,'pn');
insert into country (id,country_code) values (181,'pr');
insert into country (id,country_code) values (182,'ps');
insert into country (id,country_code) values (183,'pt');
insert into country (id,country_code) values (184,'pw');
insert into country (id,country_code) values (185,'py');
insert into country (id,country_code) values (186,'qa');
insert into country (id,country_code) values (187,'re');
insert into country (id,country_code) values (188,'ro');
insert into country (id,country_code) values (189,'rs');
insert into country (id,country_code) values (190,'ru');
insert into country (id,country_code) values (191,'rw');
insert into country (id,country_code) values (192,'sa');
insert into country (id,country_code) values (193,'sb');
insert into country (id,country_code) values (194,'sc');
insert into country (id,country_code) values (195,'sd');
insert into country (id,country_code) values (196,'se');
insert into country (id,country_code) values (197,'sg');
insert into country (id,country_code) values (198,'sh');
insert into country (id,country_code) values (199,'si');
insert into country (id,country_code) values (200,'sj');
insert into country (id,country_code) values (201,'sk');
insert into country (id,country_code) values (202,'sl');
insert into country (id,country_code) values (203,'sm');
insert into country (id,country_code) values (204,'sn');
insert into country (id,country_code) values (205,'so');
insert into country (id,country_code) values (206,'sr');
insert into country (id,country_code) values (207,'st');
insert into country (id,country_code) values (208,'sv');
insert into country (id,country_code) values (209,'sy');
insert into country (id,country_code) values (210,'sz');
insert into country (id,country_code) values (211,'tc');
insert into country (id,country_code) values (212,'td');
insert into country (id,country_code) values (213,'tf');
insert into country (id,country_code) values (214,'tg');
insert into country (id,country_code) values (215,'th');
insert into country (id,country_code) values (216,'tj');
insert into country (id,country_code) values (217,'tk');
insert into country (id,country_code) values (218,'tl');
insert into country (id,country_code) values (219,'tm');
insert into country (id,country_code) values (220,'tn');
insert into country (id,country_code) values (221,'to');
insert into country (id,country_code) values (222,'tr');
insert into country (id,country_code) values (223,'tt');
insert into country (id,country_code) values (224,'tv');
insert into country (id,country_code) values (225,'tw');
insert into country (id,country_code) values (226,'tz');
insert into country (id,country_code) values (227,'ua');
insert into country (id,country_code) values (228,'ug');
insert into country (id,country_code) values (229,'um');
insert into country (id,country_code) values (230,'us');
insert into country (id,country_code) values (231,'uy');
insert into country (id,country_code) values (232,'uz');
insert into country (id,country_code) values (233,'va');
insert into country (id,country_code) values (234,'vc');
insert into country (id,country_code) values (235,'ve');
insert into country (id,country_code) values (236,'vg');
insert into country (id,country_code) values (237,'vi');
insert into country (id,country_code) values (238,'vn');
insert into country (id,country_code) values (239,'vu');
insert into country (id,country_code) values (240,'wf');
insert into country (id,country_code) values (241,'ws');
insert into country (id,country_code) values (242,'ye');
insert into country (id,country_code) values (243,'yt');
insert into country (id,country_code) values (244,'za');
insert into country (id,country_code) values (245,'zm');
insert into country (id,country_code) values (246,'zw');

insert into country_vat_config(id, country_id, vat_pattern) values (1,12,'ATU[0-9]{8}');
insert into country_vat_config(id, country_id, vat_pattern) values (2,20,'BE0[0-9]{9}');
insert into country_vat_config(id, country_id, vat_pattern) values (3,22,'(BG[0-9]{9})|(BG[0-9]{10})');
insert into country_vat_config(id, country_id, vat_pattern) values (4,54,'CY[0-9]{8}[A-Z]{1}');
insert into country_vat_config(id, country_id, vat_pattern) values (5,55,'(CZ[0-9]{8})|(CZ[0-9]{9})|(CZ[0-9]{10})');
insert into country_vat_config(id, country_id, vat_pattern) values (6,56,'DE[0-9]{9}');
insert into country_vat_config(id, country_id, vat_pattern) values (7,58,'DK[0-9]{8}');
insert into country_vat_config(id, country_id, vat_pattern) values (8,63,'EE[0-9]{9}');
insert into country_vat_config(id, country_id, vat_pattern) values (9,68,'ES[0-9A-Z]{1}[0-9]{7}[0-9A-Z]{1}');
insert into country_vat_config(id, country_id, vat_pattern) values (10,70,'FI[0-9]{8}');
insert into country_vat_config(id, country_id, vat_pattern) values (11,75,'FR[0-9A-Z]{2}[0-9]{9}');
insert into country_vat_config(id, country_id, vat_pattern) values (12,77,'^(GB([0-9]{9})|([0-9]{12}))|(GB(GD|HA)[0-9]{3})$');
insert into country_vat_config(id, country_id, vat_pattern) values (13,66,'EL[0-9]{9}');
insert into country_vat_config(id, country_id, vat_pattern) values (14,98,'HU[0-9]{8}');
insert into country_vat_config(id, country_id, vat_pattern) values (15,101,'IE[0-9]{1}([0-9A-Z]|[\+]|[\*]){1}[0-9]{5}[A-Z]{1}');
insert into country_vat_config(id, country_id, vat_pattern) values (16,103,'^(GB([0-9]{9})|([0-9]{12}))|(GB(GD|HA)[0-9]{3})$');
insert into country_vat_config(id, country_id, vat_pattern) values (17,109,'IT[0-9]{11}');
insert into country_vat_config(id, country_id, vat_pattern) values (18,132,'(LT[0-9]{9})|(LT[0-9]{12})');
insert into country_vat_config(id, country_id, vat_pattern) values (19,133,'^LU[0-9]{8}$');
insert into country_vat_config(id, country_id, vat_pattern) values (20,134,'LV[0-9]{11}');
insert into country_vat_config(id, country_id, vat_pattern) values (21,137,'FR[0-9A-Z]{2}[0-9]{9}');
insert into country_vat_config(id, country_id, vat_pattern) values (22,152,'MT[0-9]{8}');
insert into country_vat_config(id, country_id, vat_pattern) values (23,165,'NL[0-9]{9}B[0-9]{2}');
insert into country_vat_config(id, country_id, vat_pattern) values (24,178,'PL[0-9]{10}');
insert into country_vat_config(id, country_id, vat_pattern) values (25,183,'PT[0-9]{9}');
insert into country_vat_config(id, country_id, vat_pattern) values (26,188,'RO[0-9]{2,10}');
insert into country_vat_config(id, country_id, vat_pattern) values (27,196,'SE[0-9]{12}');
insert into country_vat_config(id, country_id, vat_pattern) values (28,199,'SI[0-9]{8}');
insert into country_vat_config(id, country_id, vat_pattern) values (29,201,'SK[0-9]{10}');

insert into language (id, two_chars_code, use_by_default) values (1, 'en', 0);
insert into language (id, two_chars_code, use_by_default) values (2, 'fr', 1);

insert into requestor_config(id,order_validation_page_ttl,short_flow, remote_id, csd_envolvement) values (1, 7200000, 0, 0, true);
insert into requestor_config(id,order_validation_page_ttl,short_flow, remote_id, csd_envolvement) values (2, 7200000, 1, 0, false);
insert into requestor_config(id,order_validation_page_ttl,short_flow, remote_id, csd_envolvement) values (3, 7200000, 0, 0, false);

insert into requestor (id,service_name,config_id,csn) values (1,'DG Sante', 1, '426960248');
insert into requestor (id,service_name, config_id,csn) values (2,'BTA', 2,'426960249');
insert into requestor (id,service_name, config_id,csn) values (3,'Default', 3,'426960250');

insert into unit (id,country_id,requestor_id,post_code,city,street_and_house_no,common_name,company_name,identifier_type,identifier_value) values (1,1,1,'test','test','test','test','test','OTHER','12321312');
insert into unit (id,country_id,requestor_id,post_code,city,street_and_house_no,common_name,company_name,identifier_type,identifier_value) values (2,2,2,'test1','test1','test1','test1','test1','OTHER','4365346');
insert into unit (id,country_id,requestor_id,post_code,city,street_and_house_no,common_name,company_name,identifier_type,identifier_value) values (3,3,3,'test1','test1','test1','test1','test1','OTHER','100500');

insert into role (id,role_type) values (1,'FLOWERS_ADMIN');
insert into role (id,role_type) values (2,'END_USER');
insert into role (id,role_type) values (3,'CSD_AGENT');
insert into role (id,role_type) values (4,'DIA');
insert into role (id,role_type) values (7,'ESEAL_MANAGER');
insert into role (id,role_type) values (8,'ESEAL_OFFICER');

insert into user_details (id, ssn, first_name, surname, certificate_type,email) values (1, '00101281985087818823', 'Oksana ', 'Moroziuk', 'PROFESSIONAL_PERSON','oksana.moroziuk-ext@luxtrust.lu');
insert into user_details (id, ssn, first_name, surname, certificate_type,email,language_id) values (2, '10101281985087818823', 'Ivan ', 'Skrypka', 'PROFESSIONAL_PERSON','ivan.skrypka-ext@luxtrust.lu',1);
insert into user_details (id, ssn, first_name, surname, certificate_type,email) values (3, '20101281985087818823', 'Antonina ', 'Galyant', 'PROFESSIONAL_PERSON','antonina.galyant-ext@luxtrust.lu');
insert into user_details (id, ssn, first_name, surname, certificate_type,email,unit_id) values (4, '30101281985087818823', 'Ivan ', 'Skrypka', 'PROFESSIONAL_PERSON','ivan.skrypka-ext@luxtrust.lu', 2);
insert into user_details (id, ssn, first_name, surname, certificate_type,email,unit_id) values (5, '40101281985087818823', 'Ivan2 ', 'Skrypka', 'PROFESSIONAL_PERSON','yevhen.korobov-ext@luxtrust.lu', 1);
insert into user_details (id, ssn, first_name, surname, certificate_type,email,unit_id) values (6, '50101281985087818823', 'Darth ', 'Vader', 'PROFESSIONAL_PERSON','yevhen.korobov-ext@luxtrust.lu', 1);
insert into user_details (id, ssn, first_name, surname, certificate_type,email,unit_id,nationality_id,birth_date,phone_number) values (7, '60101281985087818823', 'mr', 'smith', 'PROFESSIONAL_PERSON','yevhen.korobov-ext@luxtrust.lu', 3,1,'1980-07-02','+380931234567');
insert into user_details (id, ssn, first_name, surname, certificate_type,email,unit_id,nationality_id,birth_date,phone_number) values (8, '70101281985087818823', 'mrs', 'smith', 'PROFESSIONAL_PERSON','yevhen.korobov-ext@luxtrust.lu', 3,1,'1980-07-02','+380931234567');

insert into user_details (id, ssn, first_name, surname, certificate_type,email) values (9, '80101281985087818823', 'CSD ', 'AGENT', 'PROFESSIONAL_PERSON','ivan.skrypka-ext@luxtrust.lu');

insert into ref_user_role (user_id, role_id) values (9, 3);
insert into ref_user_role (user_id, role_id) values (1, 1);
insert into ref_user_role (user_id, role_id) values (2, 1);
insert into ref_user_role (user_id, role_id) values (3, 1);
insert into ref_user_role (user_id, role_id) values (4, 4);
insert into ref_user_role (user_id, role_id) values (4, 7);
insert into ref_user_role (user_id, role_id) values (5, 4);
insert into ref_user_role (user_id, role_id) values (5, 7);
insert into ref_user_role (user_id, role_id) values (5, 8);
insert into ref_user_role (user_id, role_id) values (6, 4);
insert into ref_user_role (user_id, role_id) values (6, 1);
insert into ref_user_role (user_id, role_id) values (6, 8);
insert into ref_user_role (user_id, role_id) values (7, 7);
insert into ref_user_role (user_id, role_id) values (7, 4);
insert into ref_user_role (user_id, role_id) values (8, 7);
insert into ref_user_role (user_id, role_id) values (8, 4);

commit;